[
    {
        "Unknown(Please Select Chip)": "",
        "RK3588" : "resource/config/ddrbin_param_rk3588.csv",
        "RK3576" : "resource/config/ddrbin_param_rk3576.csv",
        "RK3568/RK3566" : "resource/config/ddrbin_param_rk3568.csv",
        "RK3562" : "resource/config/ddrbin_param_rk3562.csv",
        "RK3528" : "resource/config/ddrbin_param_rk3528.csv",
        "RK3399" : "resource/config/ddrbin_param_rk3399.csv",
        "RK3328/RK322xh" : "resource/config/ddrbin_param_rk3328.csv",
        "RK3368" : "resource/config/ddrbin_param_rk3368.csv",
        "RK3326/PX30" : "resource/config/ddrbin_param_rk3326.csv",
        "RK3308" : "resource/config/ddrbin_param_rk3308.csv",
        "RK3288" : "resource/config/ddrbin_param_rk3288.csv",
        "RK322x" : "resource/config/ddrbin_param_rk322x.csv",
        "RK2118" : "resource/config/ddrbin_param_rk2118.csv",
        "RK1808" : "resource/config/ddrbin_param_rk1808.csv",
        "RV1126/RV1109" : "resource/config/ddrbin_param_rv1126.csv",
        "RV1108" : "resource/config/ddrbin_param_rv1108.csv",
        "Other" : "resource/config/ddrbin_param.csv"
    },
    {
        "RK3588" : "",
        "RK3576" : "",
        "RK3568/RK3566" : "",
        "RK3562" : "",
        "RK3528" : "",
        "RK3399" : "",
        "RK3328/RK322xh" : "",
        "RK3368" : "",
        "RK3326/PX30" : "",
        "RK3308" : "",
        "RK3288" : "",
        "RK322x" : "",
        "RK2118" : "",
        "RK1808" : "",
        "RV1126/RV1109" : "",
        "RV1108" : "",
        "Other" : ""
    }
]